{
  "auc": 0.9681827197496446,
  "optimal_threshold": 0.5004673004150391,
  "confusion_matrix": [
    [
      5359,
      651
    ],
    [
      50,
      856
    ]
  ]
}