{
  "auc": 0.9662721806554934,
  "optimal_threshold": 0.49934494495391846,
  "confusion_matrix": [
    [
      5308,
      702
    ],
    [
      52,
      854
    ]
  ]
}