{
  "mean": [
    0.37268138125182126,
    0.4348120395642515,
    1.5485666590887301,
    0.12359236118609508,
    0.4702325581395349,
    0.37224243086625425,
    0.4302658449109324,
    1.5512846213929712,
    0.12326950644844024,
    0.47488372093023257,
    0.3685774770145105,
    0.432979974168545,
    1.5535927118949353,
    0.12338304933991052,
    0.46837209302325583,
    0.3698805250770956,
    0.4347200778353717,
    1.5550753349841313,
    0.12778347400840862,
    0.4697674418604651,
    0.3739634709611284,
    0.4379228519362708,
    1.5561882390637174,
    0.13023759234742205,
    0.47069767441860466
  ],
  "std": [
    0.40368001839030954,
    0.2747467035926991,
    0.18015118322891222,
    0.16798115448464687,
    0.49911311283623355,
    0.40403778047882466,
    0.25466408255022244,
    0.17103269697809714,
    0.16768986095411215,
    0.499368774079526,
    0.39989028899918294,
    0.2628265726991197,
    0.16452348699138158,
    0.16711771979466938,
    0.49899867284419747,
    0.40066525576054984,
    0.25998486369795837,
    0.15974449980960997,
    0.20539825655493332,
    0.49908515548785576,
    0.4031560896281886,
    0.2575708150424953,
    0.1549103234071761,
    0.21060116268041978,
    0.4991406352076706
  ],
  "n_features": 25,
  "feature_names": [
    "amplitude",
    "spectralFlux",
    "phaseDeviation",
    "highFrequencyEnergy",
    "hasPitch",
    "amplitude",
    "spectralFlux",
    "phaseDeviation",
    "highFrequencyEnergy",
    "hasPitch",
    "amplitude",
    "spectralFlux",
    "phaseDeviation",
    "highFrequencyEnergy",
    "hasPitch",
    "amplitude",
    "spectralFlux",
    "phaseDeviation",
    "highFrequencyEnergy",
    "hasPitch",
    "amplitude",
    "spectralFlux",
    "phaseDeviation",
    "highFrequencyEnergy",
    "hasPitch"
  ]
}