{
  "mean": [
    0.25656793448755477,
    0.42639727285284906,
    0.9088967030294166,
    0.10522142015349266,
    0.9676855895196507,
    0.2564897788077693,
    0.42388874211122574,
    0.910390523829342,
    0.10529680211708321,
    0.9676855895196507,
    0.25644916049266614,
    0.42392010297622174,
    0.9116450173130131,
    0.10554278804950816,
    0.9707423580786027,
    0.2565388773498782,
    0.42352814680981393,
    0.9126822374085596,
    0.10556743160006801,
    0.9694323144104804,
    0.2571172645750738,
    0.4239559253560951,
    0.9134551397726138,
    0.10579339608898411,
    0.9698689956331877
  ],
  "std": [
    0.362139481124573,
    0.2347811848636283,
    0.7661524317621442,
    0.18503071947372662,
    0.9994777530667506,
    0.3619313163775907,
    0.22166507831998775,
    0.7665193455175134,
    0.18501983125699759,
    0.9994777530667509,
    0.3617763015613465,
    0.2169970927256846,
    0.7668229458886323,
    0.1851390470588223,
    0.9995719035613487,
    0.36178728395301807,
    0.21477453047619324,
    0.7671784769517089,
    0.18527042412501352,
    0.9995326991138079,
    0.36222778008697626,
    0.2137477640593036,
    0.7675375707783957,
    0.1853719431839391,
    0.9995459582109193
  ],
  "n_features": 25,
  "feature_names": [
    "amplitude",
    "spectralFlux",
    "phaseDeviation",
    "highFrequencyEnergy",
    "hasPitch",
    "amplitude",
    "spectralFlux",
    "phaseDeviation",
    "highFrequencyEnergy",
    "hasPitch",
    "amplitude",
    "spectralFlux",
    "phaseDeviation",
    "highFrequencyEnergy",
    "hasPitch",
    "amplitude",
    "spectralFlux",
    "phaseDeviation",
    "highFrequencyEnergy",
    "hasPitch",
    "amplitude",
    "spectralFlux",
    "phaseDeviation",
    "highFrequencyEnergy",
    "hasPitch"
  ]
}