{
  "mean": [
    0.34862188707328445,
    0.4309768519992496,
    1.2210847645265093,
    0.13419420232745222,
    1.0385454545454544,
    0.34649365986455266,
    0.42210164878189815,
    1.2224188739935964,
    0.13342098092814295,
    1.034909090909091,
    0.3409044356879774,
    0.42572252442615743,
    1.224102312084828,
    0.1319127774484347,
    1.0298181818181817,
    0.3420179227343786,
    0.4251959083328741,
    1.2257556397369818,
    0.13304555085211348,
    1.0145454545454546,
    0.34653499173831515,
    0.42888095986634894,
    1.2277707443628554,
    0.13449784505108056,
    1.0196363636363637
  ],
  "std": [
    0.395094255521869,
    0.27054807423356897,
    0.6469111519525536,
    0.20338541417466072,
    0.9992568478293861,
    0.3933095365110116,
    0.24342118210266178,
    0.6466144946242862,
    0.20170367884200924,
    0.9993904919359208,
    0.39009687371749135,
    0.24034687274159378,
    0.6461196543419594,
    0.18380200336100963,
    0.9995553391548843,
    0.38937903259102735,
    0.24004497992660948,
    0.6453987685849807,
    0.20047591508938267,
    0.9998942092801818,
    0.3936868364004045,
    0.2429703025058692,
    0.6460525302957828,
    0.20216786645803544,
    0.9998071880233422
  ],
  "n_features": 25,
  "feature_names": [
    "amplitude",
    "spectralFlux",
    "phaseDeviation",
    "highFrequencyEnergy",
    "hasPitch",
    "amplitude",
    "spectralFlux",
    "phaseDeviation",
    "highFrequencyEnergy",
    "hasPitch",
    "amplitude",
    "spectralFlux",
    "phaseDeviation",
    "highFrequencyEnergy",
    "hasPitch",
    "amplitude",
    "spectralFlux",
    "phaseDeviation",
    "highFrequencyEnergy",
    "hasPitch",
    "amplitude",
    "spectralFlux",
    "phaseDeviation",
    "highFrequencyEnergy",
    "hasPitch"
  ]
}